/*
Navicat MySQL Data Transfer

Source Server         : 本地
Source Server Version : 50717
Source Host           : localhost:3306
Source Database       : demo

Target Server Type    : MYSQL
Target Server Version : 50717
File Encoding         : 65001

Date: 2017-10-13 16:37:37
*/

SET FOREIGN_KEY_CHECKS=0;

-- ----------------------------
-- Table structure for `address`
-- ----------------------------
DROP TABLE IF EXISTS `address`;
CREATE TABLE `address` (
  `id` varchar(36) NOT NULL,
  `created_date` bigint(20) DEFAULT NULL,
  `logically_deleted` bit(1) DEFAULT NULL,
  `sort_number` int(11) DEFAULT NULL,
  `updated_date` bigint(20) DEFAULT NULL,
  `level` varchar(50) DEFAULT NULL,
  `name` varchar(100) DEFAULT NULL,
  `parent_id` varchar(36) DEFAULT NULL,
  PRIMARY KEY (`id`),
  KEY `FKtms9onytw1xuqqukihkuqkhk5` (`parent_id`),
  CONSTRAINT `FKtms9onytw1xuqqukihkuqkhk5` FOREIGN KEY (`parent_id`) REFERENCES `address` (`id`)
) ENGINE=InnoDB DEFAULT CHARSET=utf8mb4;

-- ----------------------------
-- Records of address
-- ----------------------------
INSERT INTO `address` VALUES ('402881c45f144cd5015f144e827f0001', '1507874210412', '', '0', '1507874210412', null, '辽宁省', null);
INSERT INTO `address` VALUES ('402881c45f144cd5015f144f2e2c0002', '1507874254380', '', '0', '1507874254380', null, '营口市', '402881c45f144cd5015f144e827f0001');
INSERT INTO `address` VALUES ('402881c45f14587e015f1458e9960000', '1507874892173', '', '0', '1507874892173', null, '沈阳市', '402881c45f144cd5015f144e827f0001');
INSERT INTO `address` VALUES ('402881c45f1471c8015f1472300b0000', '1507876548608', '', '0', '1507876548608', null, '抚顺市', '402881c45f144cd5015f144e827f0001');
INSERT INTO `address` VALUES ('402881c45f1471c8015f1473fa760001', '1507876665974', '', '0', '1507876665974', null, '丹东市', '402881c45f144cd5015f144e827f0001');

-- ----------------------------
-- Table structure for `admin`
-- ----------------------------
DROP TABLE IF EXISTS `admin`;
CREATE TABLE `admin` (
  `id` varchar(36) NOT NULL,
  `created_date` bigint(20) DEFAULT NULL,
  `logically_deleted` bit(1) DEFAULT NULL,
  `sort_number` int(11) DEFAULT NULL,
  `updated_date` bigint(20) DEFAULT NULL,
  `login_name` varchar(255) DEFAULT NULL,
  `mobile` varchar(255) DEFAULT NULL,
  `password` varchar(255) DEFAULT NULL,
  `user_type` varchar(255) DEFAULT NULL,
  `name` varchar(20) DEFAULT NULL,
  PRIMARY KEY (`id`)
) ENGINE=InnoDB DEFAULT CHARSET=utf8mb4;

-- ----------------------------
-- Records of admin
-- ----------------------------
INSERT INTO `admin` VALUES ('402881c45eff19a4015eff80ec080002', null, '', null, '1507602579568', 'admin', '', '$2a$10$iVCowG5hxgiIIsVDDGXaDOCs9n0WIwQy6Os1to2BJh1zObvEDIyMS', 'ADMIN', '超级管理员');

-- ----------------------------
-- Table structure for `admin_roles`
-- ----------------------------
DROP TABLE IF EXISTS `admin_roles`;
CREATE TABLE `admin_roles` (
  `admin_id` varchar(36) NOT NULL,
  `role_id` varchar(36) NOT NULL,
  KEY `FKcjlqrvoka3pq87dm3nhyx6h5c` (`role_id`),
  KEY `FK1bcjwl07gm1kcu8h3dhiyd3ol` (`admin_id`),
  CONSTRAINT `FK1bcjwl07gm1kcu8h3dhiyd3ol` FOREIGN KEY (`admin_id`) REFERENCES `admin` (`id`),
  CONSTRAINT `FKcjlqrvoka3pq87dm3nhyx6h5c` FOREIGN KEY (`role_id`) REFERENCES `role` (`id`)
) ENGINE=InnoDB DEFAULT CHARSET=utf8mb4;

-- ----------------------------
-- Records of admin_roles
-- ----------------------------
INSERT INTO `admin_roles` VALUES ('402881c45eff19a4015eff80ec080002', '402881c45effd975015effdcc87d0000');

-- ----------------------------
-- Table structure for `dictionary`
-- ----------------------------
DROP TABLE IF EXISTS `dictionary`;
CREATE TABLE `dictionary` (
  `id` varchar(36) NOT NULL,
  `created_date` bigint(20) DEFAULT NULL,
  `logically_deleted` bit(1) DEFAULT NULL,
  `sort_number` int(11) DEFAULT NULL,
  `updated_date` bigint(20) DEFAULT NULL,
  `code` varchar(100) DEFAULT NULL,
  `name` varchar(100) DEFAULT NULL,
  `dictionary_category_id` varchar(36) DEFAULT NULL,
  PRIMARY KEY (`id`),
  KEY `FK5karylm6jn6jkkvfifx4l9h30` (`dictionary_category_id`),
  CONSTRAINT `FK5karylm6jn6jkkvfifx4l9h30` FOREIGN KEY (`dictionary_category_id`) REFERENCES `dictionary_category` (`id`)
) ENGINE=InnoDB DEFAULT CHARSET=utf8mb4;

-- ----------------------------
-- Records of dictionary
-- ----------------------------
INSERT INTO `dictionary` VALUES ('402881c45f140098015f140a2e050002', null, '', '0', '1507869732356', '1', '男', '402881c45f13b873015f13b8d3a70000');
INSERT INTO `dictionary` VALUES ('402881c45f140098015f140a4d810003', null, '', '0', '1507869740416', '0', '女', '402881c45f13b873015f13b8d3a70000');
INSERT INTO `dictionary` VALUES ('402881c45f1432d0015f1438ecec0000', null, '', '0', '1507872795869', 'meter', '米', '402881c45f1423dc015f142643880000');
INSERT INTO `dictionary` VALUES ('402881c45f1432d0015f143944550001', null, '', '0', '1507872818261', 'm2', '平米', '402881c45f1423dc015f142643880000');
INSERT INTO `dictionary` VALUES ('402881c45f1432d0015f1439a17a0002', null, '', '0', '1507872842106', 'piece', '块', '402881c45f1423dc015f142643880000');
INSERT INTO `dictionary` VALUES ('402881c45f1432d0015f1439c93d0003', null, '', '0', '1507872852284', 'box', '盒', '402881c45f1423dc015f142643880000');

-- ----------------------------
-- Table structure for `dictionary_category`
-- ----------------------------
DROP TABLE IF EXISTS `dictionary_category`;
CREATE TABLE `dictionary_category` (
  `id` varchar(36) NOT NULL,
  `created_date` bigint(20) DEFAULT NULL,
  `logically_deleted` bit(1) DEFAULT NULL,
  `sort_number` int(11) DEFAULT NULL,
  `updated_date` bigint(20) DEFAULT NULL,
  `code` varchar(100) DEFAULT NULL,
  `name` varchar(100) DEFAULT NULL,
  `parent_id` varchar(36) DEFAULT NULL,
  PRIMARY KEY (`id`),
  KEY `FKdgpx4q8hdcqgg16pwnrjmuqu3` (`parent_id`),
  CONSTRAINT `FKdgpx4q8hdcqgg16pwnrjmuqu3` FOREIGN KEY (`parent_id`) REFERENCES `dictionary_category` (`id`)
) ENGINE=InnoDB DEFAULT CHARSET=utf8mb4;

-- ----------------------------
-- Records of dictionary_category
-- ----------------------------
INSERT INTO `dictionary_category` VALUES ('402881c45f13b873015f13b8d3a70000', '1507864400794', '', '0', '1507864400794', 'gender', '性别', null);
INSERT INTO `dictionary_category` VALUES ('402881c45f1423dc015f142643880000', '1507871572864', '', '0', '1507872087390', 'unit', '单位', null);

-- ----------------------------
-- Table structure for `member`
-- ----------------------------
DROP TABLE IF EXISTS `member`;
CREATE TABLE `member` (
  `id` varchar(36) NOT NULL,
  `created_date` bigint(20) DEFAULT NULL,
  `logically_deleted` bit(1) DEFAULT NULL,
  `sort_number` int(11) DEFAULT NULL,
  `updated_date` bigint(20) DEFAULT NULL,
  `login_name` varchar(255) DEFAULT NULL,
  `mobile` varchar(255) DEFAULT NULL,
  `password` varchar(255) DEFAULT NULL,
  `user_type` varchar(255) DEFAULT NULL,
  `address` varchar(20) DEFAULT NULL,
  `balance` double DEFAULT NULL,
  `birthday` bigint(20) DEFAULT NULL,
  `card_no` varchar(20) DEFAULT NULL,
  `gender` varchar(2) DEFAULT NULL,
  `id_card` varchar(20) DEFAULT NULL,
  `name` varchar(50) DEFAULT NULL,
  `openid` varchar(36) DEFAULT NULL,
  `point` int(11) DEFAULT NULL,
  `sale_point` int(11) DEFAULT NULL,
  PRIMARY KEY (`id`)
) ENGINE=InnoDB DEFAULT CHARSET=utf8mb4;

-- ----------------------------
-- Records of member
-- ----------------------------

-- ----------------------------
-- Table structure for `module`
-- ----------------------------
DROP TABLE IF EXISTS `module`;
CREATE TABLE `module` (
  `id` varchar(36) NOT NULL,
  `created_date` bigint(20) DEFAULT NULL,
  `logically_deleted` bit(1) DEFAULT NULL,
  `sort_number` int(11) DEFAULT NULL,
  `updated_date` bigint(20) DEFAULT NULL,
  `code` varchar(20) DEFAULT NULL,
  `icon` varchar(100) DEFAULT NULL,
  `name` varchar(50) DEFAULT NULL,
  `navi_id_path` varchar(500) DEFAULT NULL,
  `navi_name_path` varchar(500) DEFAULT NULL,
  `type` varchar(10) DEFAULT NULL,
  `url` varchar(500) DEFAULT NULL,
  `parent_id` varchar(36) DEFAULT NULL,
  PRIMARY KEY (`id`),
  KEY `FKovripa3rfs5f9qu2pvyhgo6xi` (`parent_id`),
  CONSTRAINT `FKovripa3rfs5f9qu2pvyhgo6xi` FOREIGN KEY (`parent_id`) REFERENCES `module` (`id`)
) ENGINE=InnoDB DEFAULT CHARSET=utf8mb4;

-- ----------------------------
-- Records of module
-- ----------------------------
INSERT INTO `module` VALUES ('24746c09-2960-11e7-b497-21af0a259a98', null, '', '2', '1507617854635', '', '', '管理员管理', 'b8c06782-2a58-11e7-b497-21af0a259a98/24746c09-2960-11e7-b497-21af0a259a98', '系统管理 /管理员管理', 'MENU', '/admin/admin/list', '98b33553-827e-11e7-9f6e-708bcdac0848');
INSERT INTO `module` VALUES ('24a90d78-2a21-11e7-b497-21af0a259a98', '1493170723000', '', '0', '1501859765000', 'module.delete', '', '删除', '98b33553-827e-11e7-9f6e-708bcdac0848/8fe09b87-296d-11e7-b497-21af0a259a98/24a90d78-2a21-11e7-b497-21af0a259a98', '权限管理 /模块管理 /删除 ', 'FUNCTION', '', '8fe09b87-296d-11e7-b497-21af0a259a98');
INSERT INTO `module` VALUES ('301b3096-2970-11e7-b497-21af0a259a98', '1493094725000', '', '0', '1501859672000', 'sysuser.save', '', '保存', 'b8c06782-2a58-11e7-b497-21af0a259a98/24746c09-2960-11e7-b497-21af0a259a98/301b3096-2970-11e7-b497-21af0a259a98', '系统管理 /人员管理 /保存', 'FUNCTION', '', '24746c09-2960-11e7-b497-21af0a259a98');
INSERT INTO `module` VALUES ('36f353ad-2a20-11e7-b497-21af0a259a98', '1493170324000', '', '0', '1501859681000', 'role.search', '', '查询', '98b33553-827e-11e7-9f6e-708bcdac0848/3ffd622d-2a1f-11e7-b497-21af0a259a98/36f353ad-2a20-11e7-b497-21af0a259a98', '权限管理 /角色管理 /查询', 'FUNCTION', '', '3ffd622d-2a1f-11e7-b497-21af0a259a98');
INSERT INTO `module` VALUES ('3ffd622d-2a1f-11e7-b497-21af0a259a98', '1493169910000', '', '1', '1502885841000', '', '', '角色管理', '98b33553-827e-11e7-9f6e-708bcdac0848/3ffd622d-2a1f-11e7-b497-21af0a259a98', '权限管理 /角色管理', 'MENU', '/admin/role/list', '98b33553-827e-11e7-9f6e-708bcdac0848');
INSERT INTO `module` VALUES ('402881c45f04dd28015f050b64a50000', null, '', '4', '1507622012410', '', 'fa fa-suitcase', '客户端管理', '', '', 'MENU', '/admin/oauthclient/list', '98b33553-827e-11e7-9f6e-708bcdac0848');
INSERT INTO `module` VALUES ('402881c45f13afae015f13b0aaac0000', null, '', '1', '1507863866013', '', '', '字典维护', '', '', 'MENU', '/admin/dictionary/list', 'b8c06782-2a58-11e7-b497-21af0a259a98');
INSERT INTO `module` VALUES ('402881c45f13afae015f13b0f9b40001', null, '', '0', '1507863886259', '', '', '字典类别管理', '', '', 'MENU', '/admin/dictionary/categoryList', 'b8c06782-2a58-11e7-b497-21af0a259a98');
INSERT INTO `module` VALUES ('402881c45f144cd5015f144ddaa20000', null, '', '0', '1507874167445', '', '', '地址管理', '', '', 'MENU', '/admin/address/list', 'b8c06782-2a58-11e7-b497-21af0a259a98');
INSERT INTO `module` VALUES ('4705b0bd-8278-11e7-9f6e-708bcdac0848', '1502883830000', '', '1', '1502883830000', '', 'am-icon-file', '测试', '98b33553-827e-11e7-9f6e-708bcdac0848/8fe09b87-296d-11e7-b497-21af0a259a98/4705b0bd-8278-11e7-9f6e-708bcdac0848', '权限管理/模块管理/测试', 'MENU', '', '8fe09b87-296d-11e7-b497-21af0a259a98');
INSERT INTO `module` VALUES ('6c2f0a65-4a8c-11e7-82ff-58da3c9e6316', '1496735117000', '', '0', '1507618922723', '', 'fa fa-users', '会员管理', '6c2f0a65-4a8c-11e7-82ff-58da3c9e6316', '会员管理', 'MENU', '', null);
INSERT INTO `module` VALUES ('724b1acc-2a20-11e7-b497-21af0a259a98', '1493170423000', '', '0', '1501859683000', 'role.delete', '', '删除', '98b33553-827e-11e7-9f6e-708bcdac0848/3ffd622d-2a1f-11e7-b497-21af0a259a98/724b1acc-2a20-11e7-b497-21af0a259a98', '权限管理/角色管理 /删除', 'FUNCTION', '', '3ffd622d-2a1f-11e7-b497-21af0a259a98');
INSERT INTO `module` VALUES ('7f9e1d2d-4a8c-11e7-82ff-58da3c9e6316', '1496735150000', '', '0', '1501994998000', '', '', '会员维护', '6c2f0a65-4a8c-11e7-82ff-58da3c9e6316/7f9e1d2d-4a8c-11e7-82ff-58da3c9e6316', '会员管理 /会员维护', 'MENU', '/admin/member/list', '6c2f0a65-4a8c-11e7-82ff-58da3c9e6316');
INSERT INTO `module` VALUES ('8f772bb9-2a21-11e7-b497-21af0a259a98', '1493170902000', '', '0', '1501859675000', 'sysuser.delete', '', '删除', 'b8c06782-2a58-11e7-b497-21af0a259a98/24746c09-2960-11e7-b497-21af0a259a98/8f772bb9-2a21-11e7-b497-21af0a259a98', '系统管理 /人员管理 /删除', 'FUNCTION', '', '24746c09-2960-11e7-b497-21af0a259a98');
INSERT INTO `module` VALUES ('8fe09b87-296d-11e7-b497-21af0a259a98', '1493093598000', '', '0', '1502891265000', '', '', '模块管理', '98b33553-827e-11e7-9f6e-708bcdac0848/8fe09b87-296d-11e7-b497-21af0a259a98', '权限管理/模块管理', 'MENU', '/admin/module/list', '98b33553-827e-11e7-9f6e-708bcdac0848');
INSERT INTO `module` VALUES ('98b33553-827e-11e7-9f6e-708bcdac0848', '1502886544000', '', '5', '1502891044000', '', 'glyphicon glyphicon-lock', '权限管理', '98b33553-827e-11e7-9f6e-708bcdac0848', '权限管理', 'MENU', '', null);
INSERT INTO `module` VALUES ('a3909276-297c-11e7-b497-21af0a259a98', '1493100073000', '', '0', '1501859762000', 'module.save', '', '保存', '98b33553-827e-11e7-9f6e-708bcdac0848/8fe09b87-296d-11e7-b497-21af0a259a98/a3909276-297c-11e7-b497-21af0a259a98', '权限管理 /模块管理 /保存 ', 'FUNCTION', '', '8fe09b87-296d-11e7-b497-21af0a259a98');
INSERT INTO `module` VALUES ('b2cdbca0-827f-11e7-9f6e-708bcdac0848', '1502887018000', '', '7', '1507624143836', '', '', '图标管理', '0ed9e917-827f-11e7-9f6e-708bcdac0848/b2cdbca0-827f-11e7-9f6e-708bcdac0848', '基础数据管理/图标管理', 'MENU', '/admin/icon/list', 'b8c06782-2a58-11e7-b497-21af0a259a98');
INSERT INTO `module` VALUES ('b8c06782-2a58-11e7-b497-21af0a259a98', '1493194593000', '', '6', '1502890823000', '', 'fa fa-fw fa-wrench', '系统管理', 'b8c06782-2a58-11e7-b497-21af0a259a98', '系统管理', 'MENU', '', null);
INSERT INTO `module` VALUES ('c9f178a3-2a20-11e7-b497-21af0a259a98', '1493170570000', '', '0', '1501859759000', 'module.search', '', '查询', '98b33553-827e-11e7-9f6e-708bcdac0848/8fe09b87-296d-11e7-b497-21af0a259a98/c9f178a3-2a20-11e7-b497-21af0a259a98', '权限管理 /模块管理 /查询', 'FUNCTION', '', '8fe09b87-296d-11e7-b497-21af0a259a98');
INSERT INTO `module` VALUES ('f959cd6f-2a1f-11e7-b497-21af0a259a98', '1493170221000', '', '0', '1501859690000', 'role.save', '', '保存', '98b33553-827e-11e7-9f6e-708bcdac0848/3ffd622d-2a1f-11e7-b497-21af0a259a98/f959cd6f-2a1f-11e7-b497-21af0a259a98', '权限管理/角色管理 /保存', 'FUNCTION', '', '3ffd622d-2a1f-11e7-b497-21af0a259a98');

-- ----------------------------
-- Table structure for `oauth_access_token`
-- ----------------------------
DROP TABLE IF EXISTS `oauth_access_token`;
CREATE TABLE `oauth_access_token` (
  `token_id` varchar(256) DEFAULT NULL,
  `token` blob,
  `authentication_id` varchar(128) NOT NULL,
  `user_name` varchar(256) DEFAULT NULL,
  `client_id` varchar(256) DEFAULT NULL,
  `authentication` blob,
  `refresh_token` varchar(256) DEFAULT NULL,
  PRIMARY KEY (`authentication_id`)
) ENGINE=InnoDB DEFAULT CHARSET=utf8mb4;

-- ----------------------------
-- Records of oauth_access_token
-- ----------------------------
INSERT INTO `oauth_access_token` VALUES ('9cd41a04743885a57d2bc244be86bc51', 0xACED0005737200436F72672E737072696E676672616D65776F726B2E73656375726974792E6F61757468322E636F6D6D6F6E2E44656661756C744F4175746832416363657373546F6B656E0CB29E361B24FACE0200064C00156164646974696F6E616C496E666F726D6174696F6E74000F4C6A6176612F7574696C2F4D61703B4C000A65787069726174696F6E7400104C6A6176612F7574696C2F446174653B4C000C72656672657368546F6B656E74003F4C6F72672F737072696E676672616D65776F726B2F73656375726974792F6F61757468322F636F6D6D6F6E2F4F417574683252656672657368546F6B656E3B4C000573636F706574000F4C6A6176612F7574696C2F5365743B4C0009746F6B656E547970657400124C6A6176612F6C616E672F537472696E673B4C000576616C756571007E000578707372001E6A6176612E7574696C2E436F6C6C656374696F6E7324456D7074794D6170593614855ADCE7D002000078707372000E6A6176612E7574696C2E44617465686A81014B597419030000787077080000015F160CC234787372004C6F72672E737072696E676672616D65776F726B2E73656375726974792E6F61757468322E636F6D6D6F6E2E44656661756C744578706972696E674F417574683252656672657368546F6B656E2FDF47639DD0C9B70200014C000A65787069726174696F6E71007E0002787200446F72672E737072696E676672616D65776F726B2E73656375726974792E6F61757468322E636F6D6D6F6E2E44656661756C744F417574683252656672657368546F6B656E73E10E0A6354D45E0200014C000576616C756571007E0005787074002438656564386531612D383531662D343839612D623739372D6134373639336138313237307371007E000977080000015FAA469D2D78737200256A6176612E7574696C2E436F6C6C656374696F6E7324556E6D6F6469666961626C65536574801D92D18F9B80550200007872002C6A6176612E7574696C2E436F6C6C656374696F6E7324556E6D6F6469666961626C65436F6C6C656374696F6E19420080CB5EF71E0200014C0001637400164C6A6176612F7574696C2F436F6C6C656374696F6E3B7870737200176A6176612E7574696C2E4C696E6B656448617368536574D86CD75A95DD2A1E020000787200116A6176612E7574696C2E48617368536574BA44859596B8B7340300007870770C000000043F4000000000000374000472656164740005777269746574000574727573747874000662656172657274002432633734643964392D363361352D343365642D383161612D353266333163326336653862, '3b81d145452f5592e6af39f632f56690', 'admin', 'tonr', 0xACED0005737200416F72672E737072696E676672616D65776F726B2E73656375726974792E6F61757468322E70726F76696465722E4F417574683241757468656E7469636174696F6EBD400B02166252130200024C000D73746F7265645265717565737474003C4C6F72672F737072696E676672616D65776F726B2F73656375726974792F6F61757468322F70726F76696465722F4F4175746832526571756573743B4C00127573657241757468656E7469636174696F6E7400324C6F72672F737072696E676672616D65776F726B2F73656375726974792F636F72652F41757468656E7469636174696F6E3B787200476F72672E737072696E676672616D65776F726B2E73656375726974792E61757468656E7469636174696F6E2E416273747261637441757468656E7469636174696F6E546F6B656ED3AA287E6E47640E0200035A000D61757468656E746963617465644C000B617574686F7269746965737400164C6A6176612F7574696C2F436F6C6C656374696F6E3B4C000764657461696C737400124C6A6176612F6C616E672F4F626A6563743B787000737200266A6176612E7574696C2E436F6C6C656374696F6E7324556E6D6F6469666961626C654C697374FC0F2531B5EC8E100200014C00046C6973747400104C6A6176612F7574696C2F4C6973743B7872002C6A6176612E7574696C2E436F6C6C656374696F6E7324556E6D6F6469666961626C65436F6C6C656374696F6E19420080CB5EF71E0200014C00016371007E00047870737200136A6176612E7574696C2E41727261794C6973747881D21D99C7619D03000149000473697A65787000000001770400000001737200426F72672E737072696E676672616D65776F726B2E73656375726974792E636F72652E617574686F726974792E53696D706C654772616E746564417574686F7269747900000000000001A40200014C0004726F6C657400124C6A6176612F6C616E672F537472696E673B787074000541444D494E7871007E000C707372003A6F72672E737072696E676672616D65776F726B2E73656375726974792E6F61757468322E70726F76696465722E4F41757468325265717565737400000000000000010200075A0008617070726F7665644C000B617574686F72697469657371007E00044C000A657874656E73696F6E7374000F4C6A6176612F7574696C2F4D61703B4C000B726564697265637455726971007E000E4C00077265667265736874003B4C6F72672F737072696E676672616D65776F726B2F73656375726974792F6F61757468322F70726F76696465722F546F6B656E526571756573743B4C000B7265736F7572636549647374000F4C6A6176612F7574696C2F5365743B4C000D726573706F6E7365547970657371007E0014787200386F72672E737072696E676672616D65776F726B2E73656375726974792E6F61757468322E70726F76696465722E426173655265717565737436287A3EA37169BD0200034C0008636C69656E74496471007E000E4C001172657175657374506172616D657465727371007E00124C000573636F706571007E00147870740004746F6E72737200256A6176612E7574696C2E436F6C6C656374696F6E7324556E6D6F6469666961626C654D6170F1A5A8FE74F507420200014C00016D71007E00127870737200116A6176612E7574696C2E486173684D61700507DAC1C31660D103000246000A6C6F6164466163746F724900097468726573686F6C6478703F400000000000067708000000080000000374000A6772616E745F7479706574000870617373776F7264740009636C69656E745F6964740004746F6E72740008757365726E616D6574000561646D696E78737200256A6176612E7574696C2E436F6C6C656374696F6E7324556E6D6F6469666961626C65536574801D92D18F9B80550200007871007E0009737200176A6176612E7574696C2E4C696E6B656448617368536574D86CD75A95DD2A1E020000787200116A6176612E7574696C2E48617368536574BA44859596B8B7340300007870770C000000103F40000000000003740004726561647400057772697465740005747275737478017371007E0025770C000000103F40000000000000787371007E001A3F40000000000000770800000010000000007870707371007E0025770C000000103F400000000000017400096672616D65776F726B787371007E0025770C000000103F40000000000000787372004F6F72672E737072696E676672616D65776F726B2E73656375726974792E61757468656E7469636174696F6E2E557365726E616D6550617373776F726441757468656E7469636174696F6E546F6B656E00000000000001A40200024C000B63726564656E7469616C7371007E00054C00097072696E636970616C71007E00057871007E0003017371007E00077371007E000B0000000177040000000171007E000F7871007E0032737200176A6176612E7574696C2E4C696E6B6564486173684D617034C04E5C106CC0FB0200015A000B6163636573734F726465727871007E001A3F400000000000067708000000080000000474000D636C69656E745F73656372657474000673656372657471007E001C71007E001D71007E001E71007E001F71007E002071007E0021780070737200326F72672E737072696E676672616D65776F726B2E73656375726974792E636F72652E7573657264657461696C732E5573657200000000000001A40200075A00116163636F756E744E6F6E457870697265645A00106163636F756E744E6F6E4C6F636B65645A001563726564656E7469616C734E6F6E457870697265645A0007656E61626C65644C000B617574686F72697469657371007E00144C000870617373776F726471007E000E4C0008757365726E616D6571007E000E7870010101017371007E0022737200116A6176612E7574696C2E54726565536574DD98509395ED875B0300007870737200466F72672E737072696E676672616D65776F726B2E73656375726974792E636F72652E7573657264657461696C732E5573657224417574686F72697479436F6D70617261746F7200000000000001A4020000787077040000000171007E000F787071007E0021, 'b2844982fb52f94a5c8b7fca3a811f19');

-- ----------------------------
-- Table structure for `oauth_approvals`
-- ----------------------------
DROP TABLE IF EXISTS `oauth_approvals`;
CREATE TABLE `oauth_approvals` (
  `userId` varchar(256) DEFAULT NULL,
  `clientId` varchar(256) DEFAULT NULL,
  `scope` varchar(256) DEFAULT NULL,
  `status` varchar(10) DEFAULT NULL,
  `expiresAt` timestamp NOT NULL DEFAULT CURRENT_TIMESTAMP ON UPDATE CURRENT_TIMESTAMP,
  `lastModifiedAt` timestamp NOT NULL DEFAULT '0000-00-00 00:00:00'
) ENGINE=InnoDB DEFAULT CHARSET=utf8mb4;

-- ----------------------------
-- Records of oauth_approvals
-- ----------------------------

-- ----------------------------
-- Table structure for `oauth_client_details`
-- ----------------------------
DROP TABLE IF EXISTS `oauth_client_details`;
CREATE TABLE `oauth_client_details` (
  `client_id` varchar(128) NOT NULL,
  `resource_ids` varchar(256) DEFAULT NULL,
  `client_secret` varchar(256) DEFAULT NULL,
  `scope` varchar(256) DEFAULT NULL,
  `authorized_grant_types` varchar(256) DEFAULT NULL,
  `web_server_redirect_uri` varchar(256) DEFAULT NULL,
  `authorities` varchar(256) DEFAULT NULL,
  `access_token_validity` int(11) DEFAULT NULL,
  `refresh_token_validity` int(11) DEFAULT NULL,
  `additional_information` varchar(4096) DEFAULT NULL,
  `autoapprove` varchar(256) DEFAULT NULL,
  `id` varchar(36) NOT NULL,
  `created_date` bigint(20) DEFAULT NULL,
  `logically_deleted` bit(1) DEFAULT NULL,
  `sort_number` int(11) DEFAULT NULL,
  `updated_date` bigint(20) DEFAULT NULL,
  `name` varchar(50) DEFAULT NULL,
  PRIMARY KEY (`client_id`)
) ENGINE=InnoDB DEFAULT CHARSET=utf8mb4;

-- ----------------------------
-- Records of oauth_client_details
-- ----------------------------
INSERT INTO `oauth_client_details` VALUES ('tonr', 'framework', 'secret', 'read,write,trust', 'client_credentials,password,refresh_token', '', '', null, null, null, '', '1', null, '', '0', '1507622214757', '会员管理系统');

-- ----------------------------
-- Table structure for `oauth_client_token`
-- ----------------------------
DROP TABLE IF EXISTS `oauth_client_token`;
CREATE TABLE `oauth_client_token` (
  `token_id` varchar(256) DEFAULT NULL,
  `token` blob,
  `authentication_id` varchar(128) NOT NULL,
  `user_name` varchar(256) DEFAULT NULL,
  `client_id` varchar(256) DEFAULT NULL,
  PRIMARY KEY (`authentication_id`)
) ENGINE=InnoDB DEFAULT CHARSET=utf8mb4;

-- ----------------------------
-- Records of oauth_client_token
-- ----------------------------

-- ----------------------------
-- Table structure for `oauth_code`
-- ----------------------------
DROP TABLE IF EXISTS `oauth_code`;
CREATE TABLE `oauth_code` (
  `code` varchar(256) DEFAULT NULL,
  `authentication` blob
) ENGINE=InnoDB DEFAULT CHARSET=utf8mb4;

-- ----------------------------
-- Records of oauth_code
-- ----------------------------

-- ----------------------------
-- Table structure for `oauth_refresh_token`
-- ----------------------------
DROP TABLE IF EXISTS `oauth_refresh_token`;
CREATE TABLE `oauth_refresh_token` (
  `token_id` varchar(256) DEFAULT NULL,
  `token` blob,
  `authentication` blob
) ENGINE=InnoDB DEFAULT CHARSET=utf8mb4;

-- ----------------------------
-- Records of oauth_refresh_token
-- ----------------------------
INSERT INTO `oauth_refresh_token` VALUES ('b2844982fb52f94a5c8b7fca3a811f19', 0xACED00057372004C6F72672E737072696E676672616D65776F726B2E73656375726974792E6F61757468322E636F6D6D6F6E2E44656661756C744578706972696E674F417574683252656672657368546F6B656E2FDF47639DD0C9B70200014C000A65787069726174696F6E7400104C6A6176612F7574696C2F446174653B787200446F72672E737072696E676672616D65776F726B2E73656375726974792E6F61757468322E636F6D6D6F6E2E44656661756C744F417574683252656672657368546F6B656E73E10E0A6354D45E0200014C000576616C75657400124C6A6176612F6C616E672F537472696E673B787074002438656564386531612D383531662D343839612D623739372D6134373639336138313237307372000E6A6176612E7574696C2E44617465686A81014B597419030000787077080000015FAA469D2D78, 0xACED0005737200416F72672E737072696E676672616D65776F726B2E73656375726974792E6F61757468322E70726F76696465722E4F417574683241757468656E7469636174696F6EBD400B02166252130200024C000D73746F7265645265717565737474003C4C6F72672F737072696E676672616D65776F726B2F73656375726974792F6F61757468322F70726F76696465722F4F4175746832526571756573743B4C00127573657241757468656E7469636174696F6E7400324C6F72672F737072696E676672616D65776F726B2F73656375726974792F636F72652F41757468656E7469636174696F6E3B787200476F72672E737072696E676672616D65776F726B2E73656375726974792E61757468656E7469636174696F6E2E416273747261637441757468656E7469636174696F6E546F6B656ED3AA287E6E47640E0200035A000D61757468656E746963617465644C000B617574686F7269746965737400164C6A6176612F7574696C2F436F6C6C656374696F6E3B4C000764657461696C737400124C6A6176612F6C616E672F4F626A6563743B787000737200266A6176612E7574696C2E436F6C6C656374696F6E7324556E6D6F6469666961626C654C697374FC0F2531B5EC8E100200014C00046C6973747400104C6A6176612F7574696C2F4C6973743B7872002C6A6176612E7574696C2E436F6C6C656374696F6E7324556E6D6F6469666961626C65436F6C6C656374696F6E19420080CB5EF71E0200014C00016371007E00047870737200136A6176612E7574696C2E41727261794C6973747881D21D99C7619D03000149000473697A65787000000001770400000001737200426F72672E737072696E676672616D65776F726B2E73656375726974792E636F72652E617574686F726974792E53696D706C654772616E746564417574686F7269747900000000000001A40200014C0004726F6C657400124C6A6176612F6C616E672F537472696E673B787074000541444D494E7871007E000C707372003A6F72672E737072696E676672616D65776F726B2E73656375726974792E6F61757468322E70726F76696465722E4F41757468325265717565737400000000000000010200075A0008617070726F7665644C000B617574686F72697469657371007E00044C000A657874656E73696F6E7374000F4C6A6176612F7574696C2F4D61703B4C000B726564697265637455726971007E000E4C00077265667265736874003B4C6F72672F737072696E676672616D65776F726B2F73656375726974792F6F61757468322F70726F76696465722F546F6B656E526571756573743B4C000B7265736F7572636549647374000F4C6A6176612F7574696C2F5365743B4C000D726573706F6E7365547970657371007E0014787200386F72672E737072696E676672616D65776F726B2E73656375726974792E6F61757468322E70726F76696465722E426173655265717565737436287A3EA37169BD0200034C0008636C69656E74496471007E000E4C001172657175657374506172616D657465727371007E00124C000573636F706571007E00147870740004746F6E72737200256A6176612E7574696C2E436F6C6C656374696F6E7324556E6D6F6469666961626C654D6170F1A5A8FE74F507420200014C00016D71007E00127870737200116A6176612E7574696C2E486173684D61700507DAC1C31660D103000246000A6C6F6164466163746F724900097468726573686F6C6478703F400000000000067708000000080000000374000A6772616E745F7479706574000870617373776F7264740009636C69656E745F6964740004746F6E72740008757365726E616D6574000561646D696E78737200256A6176612E7574696C2E436F6C6C656374696F6E7324556E6D6F6469666961626C65536574801D92D18F9B80550200007871007E0009737200176A6176612E7574696C2E4C696E6B656448617368536574D86CD75A95DD2A1E020000787200116A6176612E7574696C2E48617368536574BA44859596B8B7340300007870770C000000103F40000000000003740004726561647400057772697465740005747275737478017371007E0025770C000000103F40000000000000787371007E001A3F40000000000000770800000010000000007870707371007E0025770C000000103F400000000000017400096672616D65776F726B787371007E0025770C000000103F40000000000000787372004F6F72672E737072696E676672616D65776F726B2E73656375726974792E61757468656E7469636174696F6E2E557365726E616D6550617373776F726441757468656E7469636174696F6E546F6B656E00000000000001A40200024C000B63726564656E7469616C7371007E00054C00097072696E636970616C71007E00057871007E0003017371007E00077371007E000B0000000177040000000171007E000F7871007E0032737200176A6176612E7574696C2E4C696E6B6564486173684D617034C04E5C106CC0FB0200015A000B6163636573734F726465727871007E001A3F400000000000067708000000080000000474000D636C69656E745F73656372657474000673656372657471007E001C71007E001D71007E001E71007E001F71007E002071007E0021780070737200326F72672E737072696E676672616D65776F726B2E73656375726974792E636F72652E7573657264657461696C732E5573657200000000000001A40200075A00116163636F756E744E6F6E457870697265645A00106163636F756E744E6F6E4C6F636B65645A001563726564656E7469616C734E6F6E457870697265645A0007656E61626C65644C000B617574686F72697469657371007E00144C000870617373776F726471007E000E4C0008757365726E616D6571007E000E7870010101017371007E0022737200116A6176612E7574696C2E54726565536574DD98509395ED875B0300007870737200466F72672E737072696E676672616D65776F726B2E73656375726974792E636F72652E7573657264657461696C732E5573657224417574686F72697479436F6D70617261746F7200000000000001A4020000787077040000000171007E000F787071007E0021);

-- ----------------------------
-- Table structure for `role`
-- ----------------------------
DROP TABLE IF EXISTS `role`;
CREATE TABLE `role` (
  `id` varchar(36) NOT NULL,
  `created_date` bigint(20) DEFAULT NULL,
  `logically_deleted` bit(1) DEFAULT NULL,
  `sort_number` int(11) DEFAULT NULL,
  `updated_date` bigint(20) DEFAULT NULL,
  `name` varchar(50) DEFAULT NULL,
  PRIMARY KEY (`id`)
) ENGINE=InnoDB DEFAULT CHARSET=utf8mb4;

-- ----------------------------
-- Records of role
-- ----------------------------
INSERT INTO `role` VALUES ('402881c45effd975015effdcc87d0000', '1507531212918', '', '0', '1507874172239', '超级管理员');

-- ----------------------------
-- Table structure for `role_modules`
-- ----------------------------
DROP TABLE IF EXISTS `role_modules`;
CREATE TABLE `role_modules` (
  `role_id` varchar(36) NOT NULL,
  `module_id` varchar(36) NOT NULL,
  KEY `FKnxc3e53nguousgf65ti2ayxx3` (`module_id`),
  KEY `FKikj9g5f57f4fixgqbp3j9ddae` (`role_id`),
  CONSTRAINT `FKikj9g5f57f4fixgqbp3j9ddae` FOREIGN KEY (`role_id`) REFERENCES `role` (`id`),
  CONSTRAINT `FKnxc3e53nguousgf65ti2ayxx3` FOREIGN KEY (`module_id`) REFERENCES `module` (`id`)
) ENGINE=InnoDB DEFAULT CHARSET=utf8mb4;

-- ----------------------------
-- Records of role_modules
-- ----------------------------
INSERT INTO `role_modules` VALUES ('402881c45effd975015effdcc87d0000', '402881c45f144cd5015f144ddaa20000');
INSERT INTO `role_modules` VALUES ('402881c45effd975015effdcc87d0000', '402881c45f13afae015f13b0f9b40001');
INSERT INTO `role_modules` VALUES ('402881c45effd975015effdcc87d0000', '6c2f0a65-4a8c-11e7-82ff-58da3c9e6316');
INSERT INTO `role_modules` VALUES ('402881c45effd975015effdcc87d0000', '8fe09b87-296d-11e7-b497-21af0a259a98');
INSERT INTO `role_modules` VALUES ('402881c45effd975015effdcc87d0000', '7f9e1d2d-4a8c-11e7-82ff-58da3c9e6316');
INSERT INTO `role_modules` VALUES ('402881c45effd975015effdcc87d0000', '24a90d78-2a21-11e7-b497-21af0a259a98');
INSERT INTO `role_modules` VALUES ('402881c45effd975015effdcc87d0000', 'a3909276-297c-11e7-b497-21af0a259a98');
INSERT INTO `role_modules` VALUES ('402881c45effd975015effdcc87d0000', 'c9f178a3-2a20-11e7-b497-21af0a259a98');
INSERT INTO `role_modules` VALUES ('402881c45effd975015effdcc87d0000', 'f959cd6f-2a1f-11e7-b497-21af0a259a98');
INSERT INTO `role_modules` VALUES ('402881c45effd975015effdcc87d0000', '724b1acc-2a20-11e7-b497-21af0a259a98');
INSERT INTO `role_modules` VALUES ('402881c45effd975015effdcc87d0000', '36f353ad-2a20-11e7-b497-21af0a259a98');
INSERT INTO `role_modules` VALUES ('402881c45effd975015effdcc87d0000', '8f772bb9-2a21-11e7-b497-21af0a259a98');
INSERT INTO `role_modules` VALUES ('402881c45effd975015effdcc87d0000', '301b3096-2970-11e7-b497-21af0a259a98');
INSERT INTO `role_modules` VALUES ('402881c45effd975015effdcc87d0000', '402881c45f13afae015f13b0aaac0000');
INSERT INTO `role_modules` VALUES ('402881c45effd975015effdcc87d0000', '3ffd622d-2a1f-11e7-b497-21af0a259a98');
INSERT INTO `role_modules` VALUES ('402881c45effd975015effdcc87d0000', '4705b0bd-8278-11e7-9f6e-708bcdac0848');
INSERT INTO `role_modules` VALUES ('402881c45effd975015effdcc87d0000', '24746c09-2960-11e7-b497-21af0a259a98');
INSERT INTO `role_modules` VALUES ('402881c45effd975015effdcc87d0000', '402881c45f04dd28015f050b64a50000');
INSERT INTO `role_modules` VALUES ('402881c45effd975015effdcc87d0000', '98b33553-827e-11e7-9f6e-708bcdac0848');
INSERT INTO `role_modules` VALUES ('402881c45effd975015effdcc87d0000', 'b8c06782-2a58-11e7-b497-21af0a259a98');
INSERT INTO `role_modules` VALUES ('402881c45effd975015effdcc87d0000', 'b2cdbca0-827f-11e7-9f6e-708bcdac0848');
